Date,Open,High,Low,Close,Volume
29-Sep-10,44.44,44.63,44.26,44.44,455485
28-Sep-10,44.71,44.76,44.12,44.74,529485
27-Sep-10,44.74,44.84,44.44,44.60,332036
24-Sep-10,44.54,45.00,44.46,44.83,348455
23-Sep-10,44.32,44.54,44.09,44.35,344966
22-Sep-10,44.40,44.75,44.40,44.45,466742
21-Sep-10,44.39,44.57,44.05,44.50,745794
20-Sep-10,44.18,44.45,44.16,44.39,391980
17-Sep-10,44.44,44.62,43.99,44.16,536711
16-Sep-10,44.54,44.69,44.17,44.28,460496
15-Sep-10,44.31,44.56,44.05,44.54,573691
14-Sep-10,44.39,44.65,44.26,44.53,515673
13-Sep-10,44.80,44.80,44.35,44.44,291463
10-Sep-10,44.22,44.55,44.09,44.55,331926
9-Sep-10,44.39,44.39,43.98,44.14,302311
8-Sep-10,44.04,44.16,43.86,44.06,344256
7-Sep-10,44.04,44.41,43.82,43.82,420010
6-Sep-10,44.33,44.33,44.33,44.33,0
3-Sep-10,44.08,44.33,43.83,44.33,379527
2-Sep-10,43.71,43.99,43.41,43.99,500924
1-Sep-10,43.38,43.77,43.36,43.60,653782
31-Aug-10,42.70,43.19,42.55,43.09,892066
30-Aug-10,43.15,43.22,42.70,42.70,436902
27-Aug-10,43.22,43.33,42.83,43.12,525241
26-Aug-10,42.79,43.27,42.79,43.05,590649
25-Aug-10,43.12,43.17,42.53,42.79,892147
24-Aug-10,43.50,43.60,43.18,43.36,931389
23-Aug-10,43.75,43.91,43.67,43.70,641989
20-Aug-10,43.81,44.00,43.28,43.48,752403
19-Aug-10,43.61,43.67,43.06,43.37,710472
18-Aug-10,43.48,43.79,43.30,43.61,616354
17-Aug-10,43.24,43.72,43.00,43.44,644068
16-Aug-10,42.78,42.94,42.51,42.93,794402
13-Aug-10,42.54,43.19,42.54,42.90,480215
12-Aug-10,42.21,42.74,42.21,42.69,561276
11-Aug-10,43.00,43.15,42.42,42.76,572192
10-Aug-10,43.07,43.96,42.96,43.58,539279
9-Aug-10,42.94,43.27,42.77,43.18,330661
6-Aug-10,42.83,43.09,42.62,42.86,504879
5-Aug-10,43.14,43.14,42.66,42.99,326303
4-Aug-10,43.09,43.32,43.03,43.27,602168
3-Aug-10,43.02,43.22,42.93,43.05,305700
2-Aug-10,43.19,43.42,43.04,43.22,438312
30-Jul-10,42.38,43.04,42.28,42.92,522983
29-Jul-10,43.27,43.36,42.55,42.72,402520
28-Jul-10,43.91,43.91,43.12,43.18,476482
27-Jul-10,44.26,44.26,43.83,43.89,688163
26-Jul-10,42.64,43.99,42.64,43.95,1019833
23-Jul-10,42.40,42.79,42.36,42.76,572344
22-Jul-10,42.32,42.60,42.14,42.38,468269
21-Jul-10,41.98,42.47,41.84,41.97,616190
20-Jul-10,41.89,42.77,41.85,42.77,571164
19-Jul-10,42.12,42.36,42.07,42.17,457306
16-Jul-10,42.66,42.73,42.02,42.09,539618
15-Jul-10,42.69,42.87,42.36,42.80,341440
14-Jul-10,42.71,42.85,42.43,42.77,435873
13-Jul-10,42.25,42.77,42.14,42.71,607912
12-Jul-10,42.07,42.20,41.92,42.02,424885
9-Jul-10,42.00,42.27,41.90,42.19,474183
8-Jul-10,42.00,42.06,41.76,42.02,474643
7-Jul-10,41.40,41.84,41.26,41.84,613481
6-Jul-10,41.27,41.68,41.14,41.50,606054
5-Jul-10,41.14,41.14,41.14,41.14,0
2-Jul-10,41.08,41.39,40.84,41.14,623662
1-Jul-10,40.50,41.09,40.14,41.06,844182
30-Jun-10,41.27,41.27,40.35,40.48,958276
29-Jun-10,41.71,41.82,41.10,41.25,700100
28-Jun-10,41.47,41.99,41.33,41.92,341507
25-Jun-10,41.96,41.96,41.34,41.56,718201
24-Jun-10,41.45,42.34,41.44,42.01,568845
23-Jun-10,41.44,42.32,41.44,42.19,708878
22-Jun-10,41.86,42.23,41.57,41.60,305593
21-Jun-10,42.47,42.48,41.75,41.89,294820
18-Jun-10,42.79,42.79,42.09,42.15,503597
17-Jun-10,41.80,42.67,41.78,42.62,562199
16-Jun-10,42.04,42.04,41.49,41.80,465821
15-Jun-10,41.90,42.18,41.62,42.18,484804
14-Jun-10,41.71,41.84,41.41,41.80,553386
11-Jun-10,41.29,41.51,41.12,41.50,433779
10-Jun-10,41.27,41.69,41.21,41.60,437003
9-Jun-10,40.91,41.12,40.60,40.86,567257
8-Jun-10,40.35,40.90,40.28,40.85,790988
7-Jun-10,40.50,40.86,40.19,40.37,657184
4-Jun-10,40.77,40.94,40.37,40.50,846776
3-Jun-10,40.98,41.23,40.79,41.21,619090
2-Jun-10,40.01,40.79,39.93,40.76,748940
1-Jun-10,39.58,40.49,39.37,40.06,731496
31-May-10,39.80,39.80,39.80,39.80,0
28-May-10,39.99,40.15,39.67,39.80,785645
27-May-10,40.08,40.08,39.62,39.91,948087
26-May-10,39.94,40.20,39.66,39.66,971602
25-May-10,39.37,39.53,38.92,39.53,832054
24-May-10,39.88,40.32,39.56,39.94,608803
21-May-10,39.70,40.07,39.35,39.95,1082204
20-May-10,40.36,40.71,39.86,40.21,1182651
19-May-10,40.45,41.36,40.41,40.68,1535495
18-May-10,41.66,42.18,41.66,41.78,833038
17-May-10,40.98,41.55,40.98,41.51,621154
14-May-10,41.19,41.28,40.75,40.98,472774
13-May-10,41.27,41.55,41.17,41.23,479416
12-May-10,41.05,41.30,40.89,41.27,632547
11-May-10,41.04,41.47,40.81,41.04,571086
10-May-10,41.06,41.43,40.82,41.20,641306
7-May-10,40.30,40.71,40.07,40.22,981647
6-May-10,40.80,40.99,39.56,40.23,1286719
5-May-10,40.25,40.97,40.20,40.78,761036
4-May-10,40.72,40.77,40.08,40.31,750001
3-May-10,40.92,40.98,40.49,40.92,794263
30-Apr-10,40.55,41.35,40.51,40.76,1048454
29-Apr-10,39.75,40.67,39.75,40.61,1003047
28-Apr-10,39.26,39.69,39.15,39.65,778710
27-Apr-10,39.04,39.45,38.98,39.21,1019091
26-Apr-10,39.98,40.01,38.76,39.05,1479205
23-Apr-10,40.14,40.29,39.77,40.02,751188
22-Apr-10,40.53,40.67,39.58,40.19,1254114
21-Apr-10,41.74,41.86,41.38,41.54,891422
20-Apr-10,41.77,42.05,41.68,41.74,764249
19-Apr-10,41.78,41.88,41.61,41.82,533744
16-Apr-10,42.04,42.19,41.74,41.83,834010
15-Apr-10,41.98,42.17,41.70,42.06,330482
14-Apr-10,41.78,41.98,41.54,41.96,356492
13-Apr-10,41.73,41.95,41.46,41.94,398747
12-Apr-10,41.84,41.87,41.72,41.78,450996
9-Apr-10,41.52,41.76,41.45,41.76,293218
8-Apr-10,41.75,41.75,41.45,41.56,376988
7-Apr-10,41.80,41.97,41.57,41.76,374490
6-Apr-10,41.85,41.88,41.66,41.79,438249
5-Apr-10,42.30,42.37,41.73,41.93,378889
2-Apr-10,42.17,42.17,42.17,42.17,0
1-Apr-10,42.09,42.39,41.95,42.17,262871
31-Mar-10,42.17,42.40,41.93,42.01,344635
30-Mar-10,42.52,42.52,41.98,42.20,496462
29-Mar-10,42.00,42.50,41.95,42.44,528339
26-Mar-10,41.81,41.96,41.68,41.95,641358
25-Mar-10,41.99,41.99,41.43,41.66,516807
24-Mar-10,41.82,41.92,41.68,41.86,427174
23-Mar-10,41.81,41.83,41.37,41.83,342699
22-Mar-10,41.06,41.62,41.06,41.61,374543
19-Mar-10,41.61,41.75,41.11,41.40,597118
18-Mar-10,41.55,41.80,41.45,41.56,445674
17-Mar-10,41.44,41.57,41.19,41.57,429368
16-Mar-10,41.46,41.46,41.23,41.39,341416
15-Mar-10,41.26,41.51,41.17,41.32,396331
12-Mar-10,41.56,41.60,41.07,41.27,616568
11-Mar-10,41.57,41.57,41.10,41.56,374549
10-Mar-10,41.82,41.82,41.38,41.63,507864
9-Mar-10,41.70,41.82,41.52,41.68,606158
8-Mar-10,41.71,41.94,41.51,41.68,582011
5-Mar-10,42.00,42.01,41.69,41.84,621107
4-Mar-10,41.52,41.86,41.45,41.80,483770
3-Mar-10,41.18,41.74,40.77,41.39,633777
2-Mar-10,41.56,41.92,41.33,41.83,724669
1-Mar-10,41.30,41.58,41.16,41.33,399847
26-Feb-10,41.33,41.44,40.95,41.11,531045
25-Feb-10,41.04,41.29,40.85,41.18,688732
24-Feb-10,41.20,41.62,41.18,41.43,686938
23-Feb-10,41.60,41.83,41.14,41.19,764502
22-Feb-10,41.76,41.88,41.39,41.61,677812
19-Feb-10,41.66,41.98,40.83,41.54,1456566
18-Feb-10,42.65,42.68,41.85,42.27,1884447
17-Feb-10,40.25,40.73,40.25,40.59,733246
16-Feb-10,39.77,40.30,39.59,40.26,707793
15-Feb-10,39.66,39.66,39.66,39.66,0
12-Feb-10,39.49,39.74,39.29,39.66,530414
11-Feb-10,39.51,39.80,39.09,39.80,318914
10-Feb-10,39.44,39.71,39.11,39.62,478956
9-Feb-10,39.02,39.46,38.88,39.24,353427
8-Feb-10,39.10,39.15,38.84,38.86,432446
5-Feb-10,38.90,39.06,38.60,39.00,524614
4-Feb-10,39.24,39.36,38.78,38.82,462912
3-Feb-10,39.45,39.60,39.25,39.44,379599
2-Feb-10,39.07,39.66,39.06,39.64,504267
1-Feb-10,38.86,39.18,38.63,39.12,624720
29-Jan-10,38.83,38.98,38.54,38.70,499125
28-Jan-10,38.82,38.88,38.40,38.67,448681
27-Jan-10,38.79,38.99,38.59,38.92,395398
26-Jan-10,38.60,38.75,38.25,38.65,291117
25-Jan-10,38.76,38.99,38.42,38.60,471094
22-Jan-10,38.58,38.93,38.50,38.62,485127
21-Jan-10,38.61,38.99,38.25,38.57,656332
20-Jan-10,38.38,38.51,38.07,38.50,292212
19-Jan-10,38.62,38.96,38.46,38.87,436204
18-Jan-10,38.56,38.56,38.56,38.56,0
15-Jan-10,38.75,38.79,38.40,38.56,313128
14-Jan-10,38.67,38.78,38.35,38.76,357438
13-Jan-10,38.66,38.99,38.58,38.75,321316
12-Jan-10,38.13,38.63,38.00,38.54,315624
11-Jan-10,38.06,38.31,38.00,38.16,326134
8-Jan-10,37.90,38.22,37.79,38.09,324674
7-Jan-10,38.35,38.35,37.77,38.06,556771
6-Jan-10,38.60,38.77,38.15,38.27,645703
5-Jan-10,38.31,38.49,38.02,38.48,463591
4-Jan-10,38.52,38.57,38.10,38.28,676245
1-Jan-10,38.45,38.45,38.45,38.45,0
31-Dec-09,38.71,38.90,38.45,38.45,231444
30-Dec-09,38.74,38.93,38.61,38.74,256974
29-Dec-09,38.85,38.94,38.73,38.83,330403
28-Dec-09,38.90,38.90,38.72,38.85,330654
25-Dec-09,38.77,38.77,38.77,38.77,0
24-Dec-09,38.16,38.91,38.10,38.77,272776
23-Dec-09,38.03,38.28,38.00,38.05,490845
22-Dec-09,37.75,38.11,37.75,38.06,525885
21-Dec-09,37.63,38.14,37.63,37.78,357594
18-Dec-09,37.77,37.77,37.40,37.72,610718
17-Dec-09,37.97,37.97,37.51,37.58,405202
16-Dec-09,38.12,38.37,37.85,37.90,454009
15-Dec-09,38.19,38.21,37.87,37.98,580854
14-Dec-09,38.47,38.77,38.16,38.31,520950
11-Dec-09,38.52,38.96,38.46,38.59,392710
10-Dec-09,38.59,38.86,38.45,38.51,431502
9-Dec-09,38.59,38.59,38.10,38.39,593077
8-Dec-09,38.98,39.11,38.36,38.52,940444
7-Dec-09,38.43,39.18,38.35,38.98,1292527
4-Dec-09,38.18,38.46,37.95,38.41,543445
3-Dec-09,38.22,38.42,38.04,38.09,517607
2-Dec-09,38.18,38.47,38.06,38.23,752515
1-Dec-09,37.57,38.40,37.46,38.25,1072398
30-Nov-09,37.50,37.71,37.30,37.52,761326
27-Nov-09,37.62,37.90,37.08,37.56,566585
26-Nov-09,38.09,38.09,38.09,38.09,0
25-Nov-09,38.28,38.44,37.99,38.09,833104
24-Nov-09,39.79,40.46,38.02,38.25,1183960
23-Nov-09,38.56,38.95,38.52,38.89,594238
20-Nov-09,38.27,38.72,38.26,38.29,805446
19-Nov-09,38.49,38.49,37.83,38.37,323080
18-Nov-09,38.65,38.65,38.25,38.51,281313
17-Nov-09,38.43,38.66,38.31,38.60,222557
16-Nov-09,38.43,38.62,38.31,38.56,336256
13-Nov-09,38.22,38.40,38.04,38.36,340055
12-Nov-09,38.10,38.47,38.04,38.16,357676
11-Nov-09,38.43,38.43,38.03,38.09,440245
10-Nov-09,37.93,38.40,37.93,38.37,475966
9-Nov-09,37.69,38.05,37.63,38.03,315349
6-Nov-09,37.38,37.59,37.26,37.55,516250
5-Nov-09,37.10,37.59,37.04,37.34,492715
4-Nov-09,37.19,37.37,36.86,37.05,455984
3-Nov-09,36.90,37.28,36.76,37.16,539619
2-Nov-09,36.57,36.92,36.33,36.86,619197
30-Oct-09,36.91,37.51,36.43,36.46,870239
29-Oct-09,36.54,37.09,36.02,37.06,520728
28-Oct-09,36.70,36.95,36.32,36.33,670093
27-Oct-09,36.41,36.92,36.38,36.71,481078
26-Oct-09,36.37,36.74,36.17,36.29,490972
23-Oct-09,36.39,36.55,36.25,36.31,506456
22-Oct-09,36.17,36.41,35.89,36.31,387059
21-Oct-09,36.56,37.28,36.19,36.23,415023
20-Oct-09,36.56,36.68,36.35,36.61,647961
19-Oct-09,36.15,36.80,36.14,36.52,846845
16-Oct-09,35.48,36.31,35.48,36.06,618841
15-Oct-09,35.01,35.77,35.01,35.75,598418
14-Oct-09,35.40,35.75,35.21,35.35,501261
13-Oct-09,35.16,35.33,35.02,35.29,422374
12-Oct-09,35.35,35.43,35.17,35.21,424402
9-Oct-09,35.31,35.47,35.10,35.25,398962
8-Oct-09,35.44,35.48,35.22,35.39,480782
7-Oct-09,35.15,35.41,35.04,35.35,528337
6-Oct-09,35.34,35.34,34.81,35.09,653790
5-Oct-09,35.55,35.55,34.64,34.94,753901
2-Oct-09,35.26,35.68,34.90,35.46,931484
1-Oct-09,35.36,35.68,35.26,35.42,756273
30-Sep-09,35.73,35.75,35.34,35.52,1066866
29-Sep-09,35.38,36.00,35.38,35.69,884523
28-Sep-09,36.00,36.10,35.77,36.05,798605
25-Sep-09,36.54,36.54,35.96,36.00,826927
24-Sep-09,37.11,37.11,36.58,36.66,362380
23-Sep-09,36.86,37.39,36.79,37.06,429099
22-Sep-09,37.17,37.21,36.64,36.94,437150
21-Sep-09,37.01,37.25,36.66,37.18,389787
18-Sep-09,36.97,37.17,36.71,37.15,755514
17-Sep-09,36.89,37.02,36.63,36.79,526765
16-Sep-09,37.55,37.55,36.80,36.95,809025
15-Sep-09,37.56,37.59,37.25,37.45,694518
14-Sep-09,37.56,37.57,37.16,37.55,516483
11-Sep-09,37.36,37.52,37.05,37.47,470144
10-Sep-09,37.15,37.22,36.86,37.16,430347
9-Sep-09,37.34,37.34,36.98,37.20,454242
8-Sep-09,37.08,37.42,36.82,37.41,455801
4-Sep-09,36.69,36.93,36.54,36.87,405091
3-Sep-09,36.67,36.77,36.24,36.69,467951
2-Sep-09,36.71,36.87,36.46,36.66,555342
1-Sep-09,36.80,37.41,36.77,36.86,906092
31-Aug-09,36.86,37.04,36.66,36.95,612527
28-Aug-09,37.17,37.17,36.71,36.89,396683
27-Aug-09,37.11,37.22,36.67,37.16,467122
26-Aug-09,37.18,37.40,36.94,37.12,588083
25-Aug-09,37.61,37.67,37.21,37.30,506497
24-Aug-09,37.90,37.90,37.19,37.38,662664
21-Aug-09,37.63,38.06,37.35,37.99,509482
20-Aug-09,38.55,38.55,37.23,37.44,701407
19-Aug-09,36.55,37.41,36.34,37.24,564581
18-Aug-09,36.91,37.05,36.30,36.63,710454
17-Aug-09,37.28,37.49,36.68,36.87,719362
14-Aug-09,37.42,37.69,37.06,37.39,427512
13-Aug-09,37.92,37.96,37.15,37.30,599165
12-Aug-09,37.89,38.33,37.39,37.93,639713
10-Aug-09,38.74,39.04,37.75,38.21,1629135
7-Aug-09,36.00,36.28,35.99,36.12,293277
6-Aug-09,35.93,36.23,35.78,35.93,383177
5-Aug-09,36.31,36.43,35.66,36.00,558977
4-Aug-09,36.18,36.50,36.05,36.33,321338
3-Aug-09,35.86,36.13,35.54,36.12,387751
31-Jul-09,36.05,36.39,35.86,35.91,443740
30-Jul-09,36.29,36.54,36.04,36.19,597881
29-Jul-09,35.98,36.21,35.59,36.04,419454
28-Jul-09,35.88,36.04,35.59,36.04,256770
27-Jul-09,35.83,36.04,35.48,35.92,196066
24-Jul-09,35.99,36.10,35.68,35.89,219984
23-Jul-09,35.32,36.37,35.25,36.03,511191
22-Jul-09,35.12,35.56,35.12,35.32,336371
21-Jul-09,35.40,35.63,34.88,35.11,452716
20-Jul-09,34.63,35.28,34.45,35.25,626558
17-Jul-09,35.11,35.11,34.54,34.60,428762
16-Jul-09,34.70,35.16,34.68,35.13,395061
15-Jul-09,34.65,34.72,34.38,34.70,672464
14-Jul-09,34.74,34.74,34.28,34.51,561124
13-Jul-09,34.72,34.78,34.23,34.68,312076
10-Jul-09,34.07,35.60,34.05,34.49,664874
9-Jul-09,34.20,34.27,33.73,34.12,484741
8-Jul-09,34.70,34.77,33.95,34.19,640871
7-Jul-09,34.74,35.00,34.47,34.57,366008
6-Jul-09,34.31,34.79,34.27,34.75,372606
3-Jul-09,34.52,34.52,34.52,34.52,0
2-Jul-09,35.24,35.24,34.38,34.52,341924
1-Jul-09,34.58,35.54,34.58,35.45,298332
30-Jun-09,34.72,34.75,34.20,34.54,611737
29-Jun-09,34.34,34.84,34.23,34.82,403790
26-Jun-09,34.18,34.73,34.04,34.47,570998
25-Jun-09,33.92,34.40,33.67,34.35,499710
24-Jun-09,34.23,34.35,33.94,34.15,435480
23-Jun-09,33.97,34.28,33.67,34.12,532485
22-Jun-09,34.32,34.49,33.73,33.80,639137
19-Jun-09,34.60,34.80,34.38,34.48,451727
18-Jun-09,33.89,34.55,33.87,34.35,397059
17-Jun-09,33.64,34.20,33.64,33.92,482743
16-Jun-09,34.57,34.57,33.78,33.92,518144
15-Jun-09,34.80,34.80,34.39,34.56,463328
12-Jun-09,34.85,35.17,34.56,35.13,484969
11-Jun-09,34.41,35.41,34.41,34.94,531007
10-Jun-09,35.14,35.39,34.23,34.45,598719
9-Jun-09,35.02,35.17,34.93,35.05,355224
8-Jun-09,35.10,35.34,34.73,35.08,459447
5-Jun-09,35.49,35.49,34.87,35.09,456394
4-Jun-09,35.44,35.54,34.87,35.10,601767
3-Jun-09,35.55,35.63,35.20,35.36,508122
2-Jun-09,35.25,35.99,35.25,35.68,759711
1-Jun-09,34.92,35.40,34.79,35.25,556248
29-May-09,34.63,34.81,34.43,34.74,563561
28-May-09,34.41,34.75,34.10,34.64,586912
27-May-09,34.60,34.85,34.21,34.27,537784
26-May-09,34.17,34.82,33.81,34.70,562272
25-May-09,34.23,34.23,34.23,34.23,0
22-May-09,33.53,34.61,33.53,34.23,558635
21-May-09,33.78,33.88,32.85,33.65,1119159
20-May-09,33.13,33.25,32.80,32.95,812820
19-May-09,32.86,33.28,32.64,33.11,785715
18-May-09,32.74,32.87,32.36,32.87,658839
15-May-09,32.38,32.87,32.04,32.59,774541
14-May-09,32.42,32.74,32.34,32.44,560345
13-May-09,32.12,32.53,32.07,32.42,707377
12-May-09,31.56,32.49,31.54,32.37,628338
11-May-09,31.87,32.08,31.41,31.56,523976
8-May-09,31.66,32.02,31.62,31.96,504550
7-May-09,31.46,31.78,31.26,31.40,501671
6-May-09,31.46,31.59,31.14,31.34,486267
5-May-09,31.60,31.75,31.21,31.37,552056
4-May-09,31.42,31.90,31.18,31.67,649885
1-May-09,31.22,31.47,30.97,31.31,555353
30-Apr-09,30.90,31.41,30.70,31.29,1148148
29-Apr-09,30.55,31.10,30.55,30.81,631207
28-Apr-09,30.03,30.53,29.84,30.38,608233
27-Apr-09,29.56,30.24,29.16,29.99,1266301
24-Apr-09,31.14,31.22,30.48,30.63,858112
23-Apr-09,31.08,31.30,30.87,31.14,541019
22-Apr-09,31.46,31.54,31.06,31.09,508684
21-Apr-09,31.55,31.89,31.33,31.58,422928
20-Apr-09,31.98,32.36,31.59,31.62,520836
17-Apr-09,31.90,32.23,31.63,32.09,630138
16-Apr-09,31.90,31.96,31.50,31.88,402236
15-Apr-09,31.10,31.75,31.03,31.75,478061
14-Apr-09,31.52,31.57,31.02,31.35,352836
13-Apr-09,31.70,31.86,31.45,31.69,263638
10-Apr-09,31.71,31.71,31.71,31.71,0
9-Apr-09,32.36,32.49,31.54,31.71,415997
8-Apr-09,31.53,32.07,31.40,31.90,553723
7-Apr-09,31.79,31.92,31.30,31.39,791072
6-Apr-09,32.02,32.35,31.78,32.02,591677
3-Apr-09,32.40,32.46,31.79,32.04,402225
2-Apr-09,32.09,32.71,31.99,32.28,542943
1-Apr-09,31.23,32.04,31.07,31.89,582991
31-Mar-09,31.46,32.01,31.13,31.71,652638
30-Mar-09,31.10,31.47,30.99,31.45,494687
27-Mar-09,31.59,31.81,31.11,31.49,447735
26-Mar-09,31.67,31.95,31.34,31.91,582530
25-Mar-09,31.35,31.70,31.03,31.50,454960
24-Mar-09,31.45,31.64,31.08,31.30,602579
23-Mar-09,31.08,31.67,31.00,31.67,460017
20-Mar-09,30.78,31.39,30.65,31.02,900782
19-Mar-09,30.98,31.05,30.38,30.80,625941
18-Mar-09,30.68,31.24,30.55,30.90,576496
17-Mar-09,30.57,31.06,30.37,31.01,543007
16-Mar-09,30.85,31.06,30.29,30.36,877851
13-Mar-09,30.67,30.76,30.10,30.49,725728
12-Mar-09,30.10,30.59,29.93,30.49,807090
11-Mar-09,30.83,30.83,30.15,30.17,487915
10-Mar-09,30.46,30.85,30.37,30.65,765571
9-Mar-09,30.24,30.89,30.01,30.18,1048531
6-Mar-09,30.00,30.68,29.86,30.36,1564444
5-Mar-09,30.11,30.14,29.26,29.40,1064913
4-Mar-09,31.01,31.07,30.02,30.44,1670099
3-Mar-09,31.78,32.03,30.64,30.80,12203596
2-Mar-09,31.50,31.82,31.32,31.43,578907
27-Feb-09,31.23,32.40,31.23,31.83,1038803
26-Feb-09,33.17,33.17,31.67,31.72,1123208
25-Feb-09,32.91,33.43,32.64,32.80,1605936
24-Feb-09,31.60,32.08,31.48,31.95,371959
23-Feb-09,32.10,32.31,31.37,31.56,428415
20-Feb-09,32.37,32.97,31.68,31.98,653547
19-Feb-09,31.50,33.05,31.01,32.81,1202955
18-Feb-09,30.67,31.01,30.04,30.42,566598
17-Feb-09,30.57,31.19,30.28,30.79,399220
13-Feb-09,31.38,31.53,30.93,31.03,261319
12-Feb-09,30.56,31.32,30.56,31.28,351848
11-Feb-09,30.78,31.12,30.72,30.96,338816
10-Feb-09,31.18,31.39,30.47,30.61,314570
9-Feb-09,31.42,31.51,31.06,31.30,292361
6-Feb-09,30.71,31.49,30.64,31.41,440525
5-Feb-09,30.48,30.90,30.40,30.75,410082
4-Feb-09,30.86,30.99,30.30,30.51,460351
3-Feb-09,30.37,31.07,30.06,30.88,373153
2-Feb-09,29.68,30.46,29.25,30.39,520606
30-Jan-09,30.86,31.08,29.57,29.83,635529
29-Jan-09,30.76,31.13,30.48,30.87,279736
28-Jan-09,31.19,31.39,30.75,31.12,335612
27-Jan-09,30.52,31.02,30.37,30.95,401973
26-Jan-09,30.59,31.14,30.37,30.66,416796
23-Jan-09,30.20,30.59,30.02,30.45,444090
22-Jan-09,30.19,30.86,29.94,30.79,600373
21-Jan-09,30.92,30.99,29.93,30.51,625050
20-Jan-09,31.34,31.58,30.75,30.78,591620
16-Jan-09,31.06,31.44,30.66,31.35,444774
15-Jan-09,30.64,30.74,30.06,30.74,521893
14-Jan-09,31.00,31.20,30.37,30.65,417486
13-Jan-09,30.53,31.45,30.53,31.26,462405
12-Jan-09,30.35,30.72,30.03,30.68,396103
9-Jan-09,30.96,30.96,30.19,30.41,440085
8-Jan-09,30.55,31.15,30.54,30.88,509488
7-Jan-09,31.31,31.88,30.83,31.04,900432
6-Jan-09,31.67,31.78,30.77,31.50,855228
5-Jan-09,31.54,31.84,31.14,31.46,649001
2-Jan-09,31.19,31.61,30.71,31.55,322881
1-Jan-09,31.08,31.08,31.08,31.08,0
31-Dec-08,31.12,31.30,30.87,31.08,551738
30-Dec-08,30.65,31.32,30.65,30.98,510590
29-Dec-08,30.70,30.81,30.19,30.56,363459
26-Dec-08,30.19,30.71,30.09,30.61,203287
25-Dec-08,30.00,30.00,30.00,30.00,0
24-Dec-08,30.37,30.37,29.82,30.00,313198
23-Dec-08,30.29,30.72,29.71,29.88,673521
22-Dec-08,30.54,30.95,29.60,30.08,806928
19-Dec-08,30.84,31.20,30.37,30.63,968604
18-Dec-08,30.86,30.99,30.44,30.76,1059539
17-Dec-08,30.11,30.42,29.86,30.07,645917
16-Dec-08,30.15,30.23,29.43,30.21,773616
15-Dec-08,29.37,30.20,29.28,29.96,1095889
12-Dec-08,27.70,29.56,27.63,29.36,1010380
11-Dec-08,28.22,29.00,27.85,28.01,827181
10-Dec-08,28.06,28.76,27.88,28.56,883085
9-Dec-08,28.00,28.85,27.74,27.90,915969
8-Dec-08,27.47,28.30,27.33,28.04,871103
5-Dec-08,25.82,27.11,25.81,27.10,935475
4-Dec-08,25.77,26.72,25.69,26.34,885564
3-Dec-08,24.84,26.09,24.81,25.98,984649
2-Dec-08,25.40,25.57,24.90,25.26,1217202
1-Dec-08,26.48,26.48,24.98,25.01,1080989
28-Nov-08,26.30,26.56,26.00,26.56,459371
27-Nov-08,26.32,26.32,26.32,26.32,0
26-Nov-08,28.46,28.46,26.12,26.32,1371341
25-Nov-08,29.50,29.61,28.05,28.56,876383
24-Nov-08,29.01,29.54,28.44,29.24,984804
21-Nov-08,27.03,28.81,26.20,28.81,850262
20-Nov-08,28.00,28.34,26.61,26.69,615500
19-Nov-08,28.00,29.44,28.00,28.14,567670
18-Nov-08,27.51,28.07,27.01,28.07,557363
17-Nov-08,26.81,27.95,26.73,27.50,769601
14-Nov-08,27.58,28.02,26.56,26.76,586184
13-Nov-08,26.61,27.84,26.07,27.84,568025
12-Nov-08,26.61,27.05,26.32,26.42,460059
11-Nov-08,27.84,27.90,26.58,26.91,465408
10-Nov-08,27.55,28.09,27.33,27.98,566194
7-Nov-08,27.32,27.75,26.73,27.28,549500
6-Nov-08,28.50,28.75,27.11,27.15,388600
5-Nov-08,29.08,29.41,28.50,28.52,444400
4-Nov-08,29.05,29.40,28.87,29.26,485700
3-Nov-08,28.29,28.90,28.29,28.75,351600
31-Oct-08,28.01,28.68,28.01,28.26,579800
30-Oct-08,28.69,28.85,27.75,28.13,574900
29-Oct-08,28.53,29.05,27.93,28.34,540200
28-Oct-08,28.39,28.47,26.97,28.44,968800
27-Oct-08,28.36,28.98,27.78,28.22,586100
24-Oct-08,27.27,29.00,27.26,28.48,747900
23-Oct-08,28.94,29.56,28.16,28.51,786700
22-Oct-08,28.78,29.39,28.33,28.80,721500
21-Oct-08,30.00,30.30,29.04,29.09,856200
20-Oct-08,31.91,31.91,28.51,30.16,2453100
17-Oct-08,31.32,33.99,31.32,33.94,647000
16-Oct-08,32.97,33.70,31.28,33.50,952200
15-Oct-08,33.47,33.60,32.17,32.67,525700
14-Oct-08,35.25,35.25,33.40,34.03,860200
13-Oct-08,32.83,34.13,32.82,34.05,499900
10-Oct-08,31.71,33.13,29.63,32.30,1514100
9-Oct-08,33.45,33.93,32.09,32.36,808400
8-Oct-08,34.12,34.42,32.56,33.36,969800
7-Oct-08,35.06,35.38,34.25,34.60,661500
6-Oct-08,35.94,36.46,34.16,34.97,476900
3-Oct-08,37.13,37.13,36.34,36.42,379400
2-Oct-08,37.09,37.34,36.68,36.84,446300
1-Oct-08,35.90,37.07,35.90,37.03,412700
30-Sep-08,36.90,36.90,35.70,36.28,835900
29-Sep-08,36.14,36.75,35.95,36.25,533800
26-Sep-08,35.18,36.50,35.04,36.38,493700
25-Sep-08,34.92,35.73,34.58,35.36,443100
24-Sep-08,35.40,35.66,34.81,35.06,343600
23-Sep-08,35.47,35.96,35.28,35.43,288500
22-Sep-08,36.09,36.69,35.45,35.51,351400
19-Sep-08,36.59,37.23,35.75,36.29,675100
18-Sep-08,35.85,36.24,35.25,36.09,616200
17-Sep-08,36.25,36.39,35.55,35.55,381200
16-Sep-08,36.76,37.06,36.21,36.68,606800
15-Sep-08,37.29,37.50,35.34,37.00,470000
12-Sep-08,36.68,37.28,36.63,37.26,481300
11-Sep-08,36.23,36.80,36.03,36.80,464400
10-Sep-08,36.83,36.83,36.28,36.41,403400
9-Sep-08,36.25,37.00,36.25,36.66,592700
8-Sep-08,36.56,36.66,36.11,36.47,494800
5-Sep-08,35.22,35.98,35.21,35.96,491800
4-Sep-08,35.26,35.60,35.16,35.39,458900
3-Sep-08,36.25,36.59,35.38,35.46,867100
2-Sep-08,36.03,36.48,35.88,36.11,429200
29-Aug-08,35.97,36.21,35.65,35.66,391100
28-Aug-08,35.93,36.19,35.68,36.12,341400
27-Aug-08,35.89,36.05,35.56,35.81,348000
26-Aug-08,35.55,36.14,35.50,35.91,491900
25-Aug-08,35.55,35.77,35.38,35.60,461100
22-Aug-08,35.66,35.86,35.33,35.56,470100
21-Aug-08,34.51,36.50,34.00,35.44,863000
20-Aug-08,35.01,35.33,34.72,35.14,296300
19-Aug-08,34.90,35.39,34.75,35.01,563500
18-Aug-08,35.09,35.24,34.92,35.05,431300
15-Aug-08,34.80,35.10,34.76,34.99,662700
14-Aug-08,34.80,35.06,34.55,34.82,574300
13-Aug-08,34.91,35.15,34.52,34.85,535200
12-Aug-08,34.58,35.12,34.34,34.93,1600700
11-Aug-08,35.54,35.54,34.60,34.80,898900
8-Aug-08,35.21,36.30,34.57,35.64,999200
7-Aug-08,37.85,37.86,37.45,37.60,212000
6-Aug-08,37.94,38.09,37.51,38.06,278300
5-Aug-08,36.86,37.97,36.63,37.78,361400
4-Aug-08,36.16,36.71,35.97,36.57,191500
1-Aug-08,36.34,36.41,35.91,36.22,190600
31-Jul-08,36.44,36.58,36.00,36.17,299100
30-Jul-08,36.53,37.12,36.27,36.56,303500
29-Jul-08,36.02,36.37,35.90,36.32,229900
28-Jul-08,35.98,36.23,35.74,36.02,286200
25-Jul-08,36.76,36.83,36.12,36.15,234500
24-Jul-08,36.82,37.00,36.53,36.58,216900
23-Jul-08,36.12,37.00,36.04,36.88,387700
22-Jul-08,35.49,36.22,35.34,36.16,462100
21-Jul-08,36.00,36.01,35.39,35.64,276900
18-Jul-08,35.84,36.31,35.56,35.83,344200
17-Jul-08,35.71,35.81,35.39,35.71,340200
16-Jul-08,35.29,35.80,35.13,35.80,367100
15-Jul-08,34.99,35.68,34.91,35.35,359700
14-Jul-08,35.46,35.58,34.96,35.24,405500
11-Jul-08,35.18,35.59,34.95,35.31,489000
10-Jul-08,35.87,35.87,35.04,35.36,457500
9-Jul-08,35.55,36.11,35.32,35.88,472000
8-Jul-08,35.17,35.70,35.06,35.58,505900
7-Jul-08,34.81,35.30,34.68,35.11,689500
3-Jul-08,34.10,34.86,34.10,34.73,405800
2-Jul-08,34.19,34.49,34.02,34.09,377300
1-Jul-08,34.30,34.62,33.99,34.32,437700
30-Jun-08,34.18,34.90,33.39,34.61,411500
27-Jun-08,34.70,34.90,34.22,34.27,792100
26-Jun-08,34.94,35.33,34.72,34.73,332000
25-Jun-08,35.23,35.39,34.99,35.17,496200
24-Jun-08,35.12,35.45,35.01,35.05,457900
23-Jun-08,35.63,35.79,35.24,35.31,369400
20-Jun-08,35.47,35.76,35.02,35.53,626800
19-Jun-08,35.85,36.03,35.58,35.70,405400
18-Jun-08,36.23,36.23,35.65,35.75,572900
17-Jun-08,36.56,36.77,36.08,36.16,419000
16-Jun-08,36.75,36.75,35.96,36.38,691900
13-Jun-08,36.74,36.88,36.22,36.54,588900
12-Jun-08,36.86,36.90,36.41,36.56,423700
11-Jun-08,36.94,37.06,36.50,36.64,624300
10-Jun-08,36.37,37.01,36.37,36.96,559000
9-Jun-08,37.01,37.18,36.60,36.76,616700
6-Jun-08,37.44,37.50,36.79,36.85,601000
5-Jun-08,37.89,37.90,37.46,37.61,1064200
4-Jun-08,37.71,37.94,37.55,37.87,541000
3-Jun-08,37.79,38.35,37.65,37.77,1056400
2-Jun-08,37.71,37.82,37.33,37.68,834600
30-May-08,38.39,38.46,37.68,37.79,1547600
29-May-08,38.24,38.80,38.09,38.26,817900
28-May-08,38.47,38.60,37.88,38.23,764400
27-May-08,38.56,38.88,38.03,38.37,1076800
23-May-08,39.41,39.41,38.12,38.50,975700
22-May-08,41.24,41.72,38.85,39.39,1731500
21-May-08,41.15,41.43,40.72,40.98,424000
20-May-08,41.58,41.67,40.85,41.16,443600
19-May-08,41.47,41.83,41.26,41.58,304700
16-May-08,41.56,41.98,41.31,41.77,317300
15-May-08,41.08,41.45,40.78,41.43,412700
14-May-08,40.88,41.26,40.79,41.08,373800
13-May-08,41.13,41.19,40.64,40.91,316200
12-May-08,40.55,41.05,40.48,41.05,355500
9-May-08,40.64,40.64,40.16,40.39,250900
8-May-08,40.90,41.28,40.53,40.82,474600
7-May-08,40.57,41.02,40.52,40.57,635700
6-May-08,40.35,40.53,40.08,40.45,282100
5-May-08,40.10,40.53,40.00,40.40,366200
2-May-08,40.28,40.52,39.85,39.97,312900
1-May-08,39.43,40.34,39.29,40.14,332900
30-Apr-08,39.51,39.99,39.40,39.41,250700
29-Apr-08,39.50,39.71,39.35,39.50,279800
28-Apr-08,39.85,39.89,39.33,39.40,250300
25-Apr-08,39.46,39.64,39.11,39.57,273800
24-Apr-08,39.54,39.71,39.11,39.44,488900
23-Apr-08,39.29,39.55,39.25,39.48,338300
22-Apr-08,39.40,39.50,39.09,39.25,381800
21-Apr-08,39.38,39.70,39.37,39.52,357200
18-Apr-08,39.89,39.96,39.50,39.76,450200
17-Apr-08,40.03,40.03,39.36,39.41,504800
16-Apr-08,40.07,40.37,39.65,39.80,568400
15-Apr-08,40.04,40.35,39.47,39.86,573000
14-Apr-08,38.48,40.46,38.48,40.20,635000
11-Apr-08,41.53,41.75,40.74,40.97,664900
10-Apr-08,42.00,42.23,41.74,41.84,331100
9-Apr-08,41.95,42.13,41.80,41.94,217000
8-Apr-08,42.26,42.26,41.82,42.05,354500
7-Apr-08,42.77,42.77,42.19,42.47,362100
4-Apr-08,42.01,42.64,42.01,42.45,205100
3-Apr-08,42.15,42.47,41.91,42.01,331100
2-Apr-08,42.25,42.49,42.25,42.36,276400
1-Apr-08,41.86,42.18,41.65,42.18,270300
31-Mar-08,41.83,41.83,41.17,41.66,451300
28-Mar-08,41.41,41.69,41.18,41.62,386100
27-Mar-08,41.15,41.48,40.65,41.19,402100
26-Mar-08,41.34,41.37,40.89,40.99,197800
25-Mar-08,40.85,41.50,40.85,41.32,333900
24-Mar-08,40.87,41.08,40.39,40.72,307500
20-Mar-08,40.53,41.17,40.35,40.88,392400
19-Mar-08,40.76,41.57,40.57,40.57,380800
18-Mar-08,40.03,40.75,39.75,40.61,315100
17-Mar-08,40.57,40.57,39.66,39.84,414800
14-Mar-08,41.50,41.72,40.20,40.52,342500
13-Mar-08,41.28,41.53,40.93,41.20,766800
12-Mar-08,41.40,41.75,41.02,41.09,281000
11-Mar-08,41.54,41.54,40.92,41.32,617000
10-Mar-08,40.38,41.14,40.38,40.70,467000
7-Mar-08,40.32,40.93,40.30,40.44,396400
6-Mar-08,41.22,41.32,40.67,40.75,450100
5-Mar-08,42.37,42.37,41.28,41.55,546100
4-Mar-08,40.91,41.64,40.69,41.61,725100
3-Mar-08,40.95,41.25,40.66,41.25,629800
29-Feb-08,41.72,41.83,40.79,40.86,491300
28-Feb-08,41.58,42.39,41.56,41.92,696000
27-Feb-08,41.33,42.49,41.29,41.71,710100
26-Feb-08,42.27,42.27,41.25,41.35,610400
25-Feb-08,41.06,42.25,41.00,42.20,974800
22-Feb-08,41.27,41.33,40.40,40.89,374300
21-Feb-08,40.98,41.22,40.88,41.09,664200
20-Feb-08,41.02,41.13,40.75,40.81,637800
19-Feb-08,40.73,41.95,40.73,41.13,1154900
15-Feb-08,37.48,41.20,37.48,40.39,1120200
14-Feb-08,39.23,39.59,38.40,38.88,574500
13-Feb-08,39.60,39.69,38.54,39.00,436300
12-Feb-08,39.12,39.85,39.01,39.46,516000
11-Feb-08,38.82,38.95,38.42,38.84,245600
8-Feb-08,38.80,39.09,38.59,38.86,330600
7-Feb-08,38.33,39.00,38.33,38.98,268700
6-Feb-08,38.91,38.91,38.38,38.48,264800
5-Feb-08,38.52,38.96,38.38,38.84,436200
4-Feb-08,38.97,39.11,38.49,38.99,286200
1-Feb-08,38.88,39.28,38.56,38.97,259000
31-Jan-08,37.97,39.04,37.97,38.74,392100
30-Jan-08,38.23,39.20,38.12,38.45,304300
29-Jan-08,38.80,38.80,38.00,38.52,326600
28-Jan-08,37.24,38.52,37.14,38.52,402400
25-Jan-08,38.65,38.89,37.32,37.32,502400
24-Jan-08,37.84,38.63,37.72,38.46,604500
23-Jan-08,37.83,38.14,37.19,37.87,735800
22-Jan-08,38.12,39.37,37.66,38.62,565100
18-Jan-08,39.18,39.25,38.74,39.01,918400
17-Jan-08,39.25,39.32,38.90,38.96,519200
16-Jan-08,39.31,39.55,39.03,39.17,438700
15-Jan-08,39.35,40.11,39.23,39.50,562300
14-Jan-08,40.65,40.73,39.36,39.47,474000
11-Jan-08,39.68,40.48,39.60,40.48,633200
10-Jan-08,39.21,39.92,39.18,39.92,319400
9-Jan-08,39.35,39.51,39.00,39.38,402200
8-Jan-08,40.00,40.11,38.88,39.11,901200
7-Jan-08,39.74,40.12,39.59,39.94,373600
4-Jan-08,39.50,39.98,39.27,39.67,402000
3-Jan-08,40.22,40.42,39.37,39.42,379300
2-Jan-08,40.48,40.55,40.00,40.22,266200
31-Dec-07,41.13,41.26,40.43,40.48,200500
28-Dec-07,41.23,41.57,41.00,41.26,155800
27-Dec-07,41.32,41.65,41.05,41.28,204400
26-Dec-07,41.75,41.82,41.16,41.31,149900
24-Dec-07,41.48,41.76,41.36,41.70,84900
21-Dec-07,41.57,41.74,41.16,41.40,566500
20-Dec-07,40.85,41.05,40.60,41.05,312600
19-Dec-07,40.02,40.84,40.00,40.47,308200
18-Dec-07,40.04,40.15,39.51,39.97,484900
17-Dec-07,39.56,40.09,39.51,39.83,264300
14-Dec-07,40.41,40.43,39.65,39.67,329900
13-Dec-07,39.21,40.91,39.21,40.85,596000
12-Dec-07,40.43,40.43,39.38,39.51,578100
11-Dec-07,40.34,40.57,39.61,39.61,256900
10-Dec-07,40.20,40.36,40.04,40.27,421700
7-Dec-07,40.00,40.40,39.94,40.25,312500
6-Dec-07,39.68,40.31,39.60,40.08,460800
5-Dec-07,40.53,40.53,39.85,40.02,459000
4-Dec-07,39.34,40.33,39.34,40.14,370700
3-Dec-07,39.51,39.88,39.28,39.63,256800
30-Nov-07,40.08,40.34,39.60,39.75,457100
29-Nov-07,39.41,39.89,39.23,39.76,435700
28-Nov-07,39.00,39.81,38.64,39.55,438300
27-Nov-07,38.33,38.78,38.00,38.66,362900
26-Nov-07,37.70,38.69,37.61,38.08,468500
23-Nov-07,37.45,37.98,37.06,37.79,330100
21-Nov-07,36.52,37.86,36.52,37.16,610300
20-Nov-07,36.47,37.49,36.05,36.84,1339300
19-Nov-07,36.01,36.95,35.61,35.75,688800
16-Nov-07,35.88,35.88,35.41,35.75,208700
15-Nov-07,35.52,35.90,35.52,35.69,279200
14-Nov-07,35.83,36.03,35.63,35.64,388200
13-Nov-07,35.32,35.78,35.18,35.72,269100
12-Nov-07,35.35,35.70,35.15,35.15,289100
9-Nov-07,35.17,35.78,35.17,35.40,303300
8-Nov-07,35.25,35.48,35.06,35.43,469900
7-Nov-07,34.76,35.44,34.76,35.07,459500
6-Nov-07,35.47,35.49,35.08,35.22,285000
5-Nov-07,35.17,35.62,35.17,35.44,244500
2-Nov-07,35.89,36.05,35.11,35.37,311200
1-Nov-07,36.28,36.45,35.80,35.80,229000
31-Oct-07,36.60,36.60,36.31,36.48,223700
30-Oct-07,36.25,36.77,36.11,36.51,126300
29-Oct-07,36.99,36.99,36.31,36.37,185800
26-Oct-07,36.99,36.99,36.45,36.79,190400
25-Oct-07,36.40,36.86,36.25,36.65,205700
24-Oct-07,36.55,36.63,36.18,36.63,278100
23-Oct-07,37.15,37.52,36.50,36.70,316700
22-Oct-07,36.60,36.91,36.49,36.85,282900
19-Oct-07,37.20,37.36,36.82,36.82,432900
18-Oct-07,36.90,37.22,36.81,37.18,493000
17-Oct-07,36.60,36.89,36.47,36.89,325900
16-Oct-07,36.40,36.56,36.28,36.50,360000
15-Oct-07,36.10,36.39,35.93,36.39,237000
12-Oct-07,36.15,36.24,35.97,36.06,163400
11-Oct-07,36.62,36.78,35.92,35.99,353900
10-Oct-07,36.58,36.90,36.33,36.39,331700
9-Oct-07,36.62,36.84,36.39,36.58,254500
8-Oct-07,36.35,36.63,36.31,36.45,321900
5-Oct-07,36.04,36.35,35.75,36.35,345300
4-Oct-07,35.58,35.78,35.44,35.76,298700
3-Oct-07,35.75,35.91,35.30,35.39,200000
2-Oct-07,35.76,35.91,35.52,35.87,186400
1-Oct-07,35.88,36.16,35.73,35.89,172400
28-Sep-07,35.49,36.00,35.47,35.78,296200
27-Sep-07,35.44,35.76,35.35,35.62,168200
26-Sep-07,35.47,35.85,35.23,35.39,219300
25-Sep-07,35.17,35.46,35.04,35.23,267700
24-Sep-07,35.13,35.46,35.13,35.30,191900
21-Sep-07,35.54,35.54,35.16,35.24,386500
20-Sep-07,35.74,35.84,35.21,35.27,307500
19-Sep-07,35.49,35.92,35.34,35.62,463400
18-Sep-07,35.76,36.00,35.18,35.23,487600
17-Sep-07,35.38,35.75,35.38,35.59,251700
14-Sep-07,35.50,35.71,35.24,35.41,398100
13-Sep-07,35.74,36.05,35.23,35.75,342200
12-Sep-07,35.41,35.63,35.23,35.49,259600
11-Sep-07,35.27,35.47,35.16,35.44,188000
10-Sep-07,35.20,35.39,34.83,35.07,212900
7-Sep-07,35.29,35.52,34.88,34.99,347500
6-Sep-07,35.75,35.99,35.44,35.80,167300
5-Sep-07,35.40,35.83,35.21,35.64,363900
4-Sep-07,35.45,35.80,35.34,35.65,287200
31-Aug-07,35.95,35.95,35.40,35.63,247500
30-Aug-07,35.40,35.74,35.18,35.56,332100
29-Aug-07,35.52,35.76,35.25,35.75,258200
28-Aug-07,35.70,36.06,35.18,35.18,412700
27-Aug-07,35.83,36.40,35.64,36.13,349400
24-Aug-07,35.99,36.90,35.59,35.75,734600
23-Aug-07,34.80,35.08,34.22,34.79,288900
22-Aug-07,34.06,34.41,33.89,34.40,371300
21-Aug-07,34.00,34.22,33.78,34.01,272600
20-Aug-07,34.00,34.19,33.74,33.97,395800
17-Aug-07,35.04,35.04,33.76,33.89,622600
16-Aug-07,33.99,34.37,33.59,34.16,325800
15-Aug-07,34.07,34.49,33.88,34.01,493100
14-Aug-07,33.77,34.46,33.17,34.07,772400
13-Aug-07,33.80,33.97,33.18,33.61,950100
10-Aug-07,31.76,34.22,30.04,33.79,1593900
9-Aug-07,31.79,32.22,31.00,31.76,1254100
8-Aug-07,34.39,34.60,30.74,32.61,739700
7-Aug-07,34.38,34.38,33.75,34.10,566800
6-Aug-07,34.06,34.58,33.81,34.58,446600
3-Aug-07,35.07,35.07,33.69,33.80,454000
2-Aug-07,34.96,35.20,34.80,35.03,304400
1-Aug-07,34.27,34.91,34.15,34.84,427500
31-Jul-07,35.05,35.21,34.08,34.42,488100
30-Jul-07,35.20,35.30,34.43,34.97,352200
27-Jul-07,35.84,35.89,35.00,35.00,312800
26-Jul-07,36.05,36.56,35.55,35.75,531300
25-Jul-07,36.70,36.81,36.12,36.30,433200
24-Jul-07,36.54,36.80,36.21,36.33,418500
23-Jul-07,36.54,36.98,36.54,36.72,497500
20-Jul-07,36.37,36.63,36.26,36.40,456100
19-Jul-07,36.64,36.92,36.35,36.43,578600
18-Jul-07,36.93,37.04,36.33,36.49,561700
17-Jul-07,37.43,37.60,36.47,37.07,503900
16-Jul-07,37.51,37.51,37.13,37.33,290200
13-Jul-07,37.45,37.73,37.30,37.56,248200
12-Jul-07,37.39,37.65,36.78,37.49,494700
11-Jul-07,36.91,37.46,36.86,37.42,349900
10-Jul-07,37.20,37.35,36.94,37.01,335800
9-Jul-07,37.45,37.54,37.18,37.25,222500
6-Jul-07,37.44,37.47,37.21,37.45,165900
5-Jul-07,37.80,37.87,37.40,37.53,180400
3-Jul-07,37.73,37.87,37.55,37.60,108800
2-Jul-07,37.53,37.86,37.49,37.70,196800
29-Jun-07,37.51,37.80,37.25,37.35,351900
28-Jun-07,37.71,37.77,37.44,37.45,166500
27-Jun-07,38.20,38.20,37.18,37.70,213800
26-Jun-07,37.70,37.70,37.29,37.36,252700
25-Jun-07,37.37,37.61,37.29,37.56,442200
22-Jun-07,37.33,37.41,37.13,37.25,612500
21-Jun-07,37.32,37.45,37.15,37.40,574300
20-Jun-07,37.45,37.55,37.25,37.30,399100
19-Jun-07,37.51,37.51,37.25,37.34,344300
18-Jun-07,37.52,37.63,37.29,37.58,490900
15-Jun-07,37.53,37.85,37.39,37.39,388300
14-Jun-07,37.43,37.55,37.25,37.33,202300
13-Jun-07,37.07,37.73,37.05,37.38,341200
12-Jun-07,37.42,37.50,37.00,37.03,335000
11-Jun-07,37.43,37.80,37.30,37.62,187800
8-Jun-07,37.25,37.53,37.19,37.50,256800
7-Jun-07,37.42,37.73,37.25,37.26,419700
6-Jun-07,37.40,37.52,37.25,37.42,426600
5-Jun-07,37.66,37.79,37.45,37.54,389400
4-Jun-07,37.54,37.79,37.54,37.74,297700
1-Jun-07,37.50,37.78,37.40,37.68,328300
31-May-07,36.90,37.57,36.90,37.45,440400
30-May-07,37.13,37.13,36.75,37.08,317900
29-May-07,36.99,37.53,36.98,37.24,463200
25-May-07,37.52,37.52,36.32,36.83,782100
24-May-07,38.35,38.73,37.41,37.51,1145500
23-May-07,39.60,39.88,39.12,39.33,280200
22-May-07,39.45,39.60,39.28,39.37,277400
21-May-07,39.13,39.51,39.07,39.49,330800
18-May-07,38.85,39.25,38.73,39.19,203000
17-May-07,38.72,38.80,38.41,38.73,312600
16-May-07,37.61,38.73,37.61,38.73,315200
15-May-07,37.84,38.13,37.55,37.55,306800
14-May-07,37.86,38.14,37.84,37.85,232500
11-May-07,37.91,38.15,37.83,38.04,114900
10-May-07,38.37,38.37,37.72,37.74,135900
9-May-07,38.37,38.56,38.30,38.37,124400
8-May-07,38.39,38.53,38.28,38.50,165700
7-May-07,38.30,38.52,38.30,38.50,79000
4-May-07,38.38,38.41,38.16,38.26,108100
3-May-07,38.56,38.62,38.19,38.33,127700
2-May-07,38.26,38.70,38.13,38.44,238100
1-May-07,38.14,38.33,37.93,38.28,157600
30-Apr-07,38.27,38.46,38.09,38.09,149500
27-Apr-07,38.19,38.25,38.05,38.18,88100
26-Apr-07,38.23,38.37,38.07,38.25,112100
25-Apr-07,38.32,38.36,38.04,38.27,193800
24-Apr-07,38.24,38.30,38.00,38.18,190400
23-Apr-07,37.80,38.13,37.80,38.05,161500
20-Apr-07,37.70,37.96,37.58,37.87,181900
19-Apr-07,37.17,37.59,37.07,37.47,251400
18-Apr-07,37.50,37.50,37.31,37.37,141500
17-Apr-07,37.64,37.76,37.47,37.64,311100
16-Apr-07,37.64,37.68,37.56,37.68,195900
13-Apr-07,37.64,37.73,37.47,37.64,183100
12-Apr-07,37.30,37.63,37.20,37.61,176400
11-Apr-07,37.30,37.39,37.11,37.31,297400
10-Apr-07,37.12,37.42,37.12,37.26,310400
9-Apr-07,37.51,37.60,37.07,37.07,290300
5-Apr-07,37.50,37.66,37.39,37.53,146800
4-Apr-07,37.93,37.95,37.45,37.58,353200
3-Apr-07,37.63,37.96,37.60,37.86,276800
2-Apr-07,37.30,37.58,37.24,37.55,457400
30-Mar-07,37.20,37.45,37.03,37.19,250200
29-Mar-07,37.35,37.39,37.03,37.10,326800
28-Mar-07,37.03,37.33,36.93,37.12,225400
27-Mar-07,37.08,37.27,36.93,37.08,211700
26-Mar-07,37.46,37.48,37.12,37.31,114000
23-Mar-07,37.33,37.56,37.31,37.45,123600
22-Mar-07,38.10,38.10,37.14,37.30,286100
21-Mar-07,37.69,37.69,36.72,37.23,118700
20-Mar-07,36.60,36.93,36.48,36.87,136500
19-Mar-07,36.79,36.79,36.52,36.69,156700
16-Mar-07,36.82,37.00,36.62,36.68,195700
15-Mar-07,36.83,37.08,36.70,36.81,201800
14-Mar-07,36.35,36.63,36.05,36.49,226800
13-Mar-07,36.81,36.81,36.33,36.38,214500
12-Mar-07,36.63,36.97,36.58,36.95,158700
9-Mar-07,36.80,36.87,36.49,36.57,185700
8-Mar-07,36.56,36.74,36.53,36.70,150100
7-Mar-07,36.64,36.64,36.36,36.41,185400
6-Mar-07,36.34,36.76,36.31,36.64,202500
5-Mar-07,36.35,36.54,36.22,36.27,232800
2-Mar-07,36.76,36.77,36.33,36.43,262600
1-Mar-07,36.33,36.89,36.25,36.81,263800
28-Feb-07,36.65,36.86,36.46,36.49,384400
27-Feb-07,37.12,37.23,36.38,36.65,281100
26-Feb-07,37.31,37.57,37.10,37.55,274600
23-Feb-07,37.39,37.39,37.09,37.31,199100
22-Feb-07,37.95,38.02,37.28,37.39,260700
21-Feb-07,37.70,38.13,37.69,38.02,219500
20-Feb-07,38.02,38.13,37.38,37.88,442400
16-Feb-07,38.50,38.77,37.95,38.06,465500
15-Feb-07,38.95,39.15,38.58,39.13,398700
14-Feb-07,38.50,38.95,38.50,38.95,284100
13-Feb-07,38.10,38.51,37.99,38.51,174200
12-Feb-07,38.01,38.05,37.80,38.01,235000
9-Feb-07,37.94,38.10,37.72,37.99,206300
8-Feb-07,38.05,38.05,37.79,37.96,111800
7-Feb-07,37.96,38.07,37.67,38.07,196200
6-Feb-07,37.75,37.98,37.55,37.96,207600
5-Feb-07,37.80,37.80,37.38,37.60,206100
2-Feb-07,37.92,37.92,37.64,37.83,154000
1-Feb-07,37.87,37.94,37.49,37.92,212100
31-Jan-07,37.50,37.98,37.35,37.90,260100
30-Jan-07,37.34,37.64,37.25,37.59,111300
29-Jan-07,37.37,37.66,37.29,37.36,255700
26-Jan-07,37.85,37.85,37.14,37.37,219300
25-Jan-07,37.83,37.91,37.69,37.86,246000
24-Jan-07,37.65,37.95,37.60,37.83,98500
23-Jan-07,37.59,37.90,37.40,37.59,141800
22-Jan-07,37.60,37.71,37.49,37.60,147400
19-Jan-07,37.18,37.71,37.17,37.67,154800
18-Jan-07,37.34,37.72,37.26,37.26,151800
17-Jan-07,37.27,37.56,37.22,37.41,184500
16-Jan-07,37.79,37.95,37.26,37.37,207900
12-Jan-07,37.87,38.04,37.55,37.63,186500
11-Jan-07,37.42,37.88,37.42,37.81,146400
10-Jan-07,36.95,37.36,36.91,37.30,259100
9-Jan-07,37.45,37.54,37.09,37.12,271400
8-Jan-07,37.52,37.63,37.25,37.41,180500
5-Jan-07,37.22,37.72,37.05,37.58,185300
4-Jan-07,38.15,38.15,37.69,37.83,176300
3-Jan-07,37.51,38.50,37.51,38.15,331500
29-Dec-06,37.74,37.80,37.34,37.34,207000
28-Dec-06,37.82,37.94,37.66,37.74,236700
27-Dec-06,37.79,38.14,37.79,37.90,187900
26-Dec-06,37.88,38.10,37.85,38.04,131100
22-Dec-06,37.87,38.15,37.87,37.95,129500
21-Dec-06,38.34,38.50,37.99,38.07,176800
20-Dec-06,38.13,38.42,37.89,38.22,296700
19-Dec-06,37.58,38.35,37.57,38.24,233700
18-Dec-06,38.13,38.26,37.84,37.88,238000
15-Dec-06,38.42,38.45,38.12,38.12,163900
14-Dec-06,38.36,38.68,38.32,38.39,127400
13-Dec-06,38.50,38.50,38.14,38.42,209200
12-Dec-06,38.28,38.50,38.28,38.50,98200
11-Dec-06,38.37,38.50,38.28,38.34,208300
8-Dec-06,38.26,38.60,38.20,38.41,203200
7-Dec-06,39.06,39.09,37.49,38.22,547000
6-Dec-06,38.61,38.75,38.36,38.39,188600
5-Dec-06,38.90,38.94,38.45,38.71,238400
4-Dec-06,38.00,38.53,37.98,38.50,228700
1-Dec-06,37.80,38.06,37.53,37.98,318500
30-Nov-06,37.76,38.15,37.65,37.88,310400
29-Nov-06,37.92,38.10,37.60,37.89,224000
28-Nov-06,37.51,37.94,37.47,37.80,343600
27-Nov-06,37.83,37.83,37.30,37.51,364000
24-Nov-06,37.74,38.24,37.74,37.99,142800
22-Nov-06,38.00,38.60,37.38,37.87,604800
21-Nov-06,37.21,37.30,36.48,36.69,388200
20-Nov-06,36.89,37.33,36.89,37.07,278300
17-Nov-06,36.87,37.04,36.60,36.79,495200
16-Nov-06,37.38,37.40,36.84,36.90,381300
15-Nov-06,37.46,37.60,37.20,37.21,345000
14-Nov-06,36.98,37.46,36.96,37.45,611000
13-Nov-06,35.85,36.99,35.85,36.90,555800
10-Nov-06,36.85,37.59,35.52,36.10,1766500
9-Nov-06,35.33,35.54,34.83,34.83,361500
8-Nov-06,35.57,35.81,35.39,35.42,377100
7-Nov-06,35.50,35.85,35.50,35.64,201800
6-Nov-06,35.44,35.78,35.44,35.58,157700
3-Nov-06,35.59,35.68,35.18,35.30,119100
2-Nov-06,35.60,35.60,35.25,35.53,247500
1-Nov-06,36.24,36.24,35.74,35.79,154700
31-Oct-06,36.15,36.35,35.80,36.11,197100
30-Oct-06,35.91,36.25,35.91,36.15,255100
27-Oct-06,35.94,36.31,35.74,36.05,194900
26-Oct-06,35.92,36.11,35.70,35.90,170100
25-Oct-06,35.65,35.84,35.65,35.80,187200
24-Oct-06,35.67,35.83,35.52,35.78,171000
23-Oct-06,35.55,36.09,35.55,35.81,164000
20-Oct-06,35.39,35.73,35.20,35.69,142600
19-Oct-06,35.71,35.75,35.27,35.39,207500
18-Oct-06,35.70,35.92,35.64,35.71,145200
17-Oct-06,35.82,35.88,35.57,35.77,134700
16-Oct-06,35.92,35.95,35.60,35.82,158700
13-Oct-06,36.09,36.12,35.76,35.92,120700
12-Oct-06,35.87,36.20,35.83,36.20,207800
11-Oct-06,36.10,36.10,35.72,35.89,296000
10-Oct-06,36.05,36.25,35.68,36.10,510500
9-Oct-06,35.93,36.15,35.76,36.12,266700
6-Oct-06,36.25,36.58,35.83,35.98,170900
5-Oct-06,35.72,36.27,35.72,36.22,199500
4-Oct-06,35.36,35.92,35.16,35.87,179400
3-Oct-06,36.06,36.06,35.32,35.36,212400
2-Oct-06,36.06,36.13,35.71,36.03,139800
29-Sep-06,36.25,36.36,35.97,35.98,167000
28-Sep-06,36.38,36.49,36.16,36.20,161900
27-Sep-06,36.03,36.45,36.00,36.32,178400
26-Sep-06,36.28,36.28,35.45,36.13,353800
25-Sep-06,36.03,36.50,35.92,36.40,273000
22-Sep-06,36.20,36.24,36.00,36.02,262600
21-Sep-06,36.22,36.31,35.97,36.25,363400
20-Sep-06,35.92,36.22,35.89,36.17,315800
19-Sep-06,35.62,35.74,35.20,35.67,390500
18-Sep-06,35.81,36.03,35.64,35.72,370500
15-Sep-06,36.31,36.31,35.31,35.76,587800
14-Sep-06,36.24,36.47,35.98,36.17,295600
13-Sep-06,36.23,36.52,36.03,36.36,233000
12-Sep-06,36.19,36.39,36.00,36.35,522400
11-Sep-06,36.23,36.33,36.03,36.16,155000
8-Sep-06,36.30,36.38,36.02,36.22,201400
7-Sep-06,36.04,36.29,35.80,36.04,216100
6-Sep-06,36.30,36.34,36.07,36.15,233600
5-Sep-06,37.00,37.00,36.12,36.40,340000
1-Sep-06,36.77,36.92,36.60,36.89,170200
31-Aug-06,36.52,36.85,36.43,36.65,359700
30-Aug-06,37.23,37.23,36.40,36.52,383800
29-Aug-06,36.06,37.23,36.06,37.23,617100
28-Aug-06,35.90,36.36,35.45,36.01,615600
25-Aug-06,36.18,36.52,35.27,36.45,591700
24-Aug-06,38.35,38.41,35.33,36.43,1091600
23-Aug-06,38.05,38.41,37.68,37.99,192400
22-Aug-06,38.01,38.06,37.73,37.80,182000
21-Aug-06,37.65,38.22,37.64,38.02,268600
18-Aug-06,37.62,37.77,37.57,37.65,193200
17-Aug-06,37.81,37.87,37.44,37.69,266100
16-Aug-06,38.08,38.17,37.80,37.92,227700
15-Aug-06,38.13,38.31,37.89,37.99,168300
14-Aug-06,37.92,38.07,37.62,37.67,160300
11-Aug-06,37.63,37.80,37.47,37.72,182400
10-Aug-06,37.35,37.75,37.32,37.63,178100
9-Aug-06,37.75,37.87,37.41,37.41,264200
8-Aug-06,37.10,37.54,37.00,37.34,248700
7-Aug-06,37.21,37.53,36.80,37.04,294300
4-Aug-06,37.90,37.90,37.14,37.34,169500
3-Aug-06,37.55,37.68,37.32,37.60,138300
2-Aug-06,37.87,37.98,37.33,37.55,275200
1-Aug-06,37.65,37.89,37.37,37.83,218800
31-Jul-06,37.83,37.87,37.25,37.73,236100
28-Jul-06,37.35,38.34,37.35,37.83,331900
27-Jul-06,37.71,37.80,37.17,37.24,247400
26-Jul-06,38.04,38.04,37.50,37.66,222000
25-Jul-06,37.64,38.08,37.53,38.01,242500
24-Jul-06,37.04,38.03,37.04,37.77,401500
21-Jul-06,36.99,37.13,36.28,36.77,341200
20-Jul-06,37.20,37.47,36.97,37.00,279500
19-Jul-06,36.71,37.14,36.71,37.13,206400
18-Jul-06,36.58,36.93,36.44,36.81,242600
17-Jul-06,36.35,36.73,36.16,36.52,136300
14-Jul-06,36.81,36.86,36.25,36.45,162400
13-Jul-06,36.80,36.99,36.51,36.91,249300
12-Jul-06,37.08,37.19,36.85,36.93,409300
11-Jul-06,36.85,37.25,36.85,37.18,308900
10-Jul-06,37.00,37.13,36.80,36.95,373600
7-Jul-06,36.92,37.09,36.80,36.90,370600
6-Jul-06,36.89,37.31,36.84,37.02,411700
5-Jul-06,37.36,37.40,36.65,36.86,314900
3-Jul-06,37.12,37.37,36.81,37.36,111200
30-Jun-06,37.23,37.50,37.10,37.14,223900
29-Jun-06,36.78,37.23,36.58,37.23,275600
28-Jun-06,36.55,36.75,36.15,36.53,288500
27-Jun-06,36.76,36.86,36.36,36.55,285200
26-Jun-06,36.59,36.75,36.24,36.71,256200
23-Jun-06,36.30,36.86,36.30,36.61,161900
22-Jun-06,36.76,36.76,36.20,36.55,398300
21-Jun-06,36.21,36.92,36.10,36.82,516600
20-Jun-06,36.17,36.39,35.89,36.17,540400
19-Jun-06,35.77,36.27,35.77,36.12,906700
16-Jun-06,35.14,35.78,35.09,35.77,581800
15-Jun-06,34.66,35.00,34.45,34.99,226700
14-Jun-06,34.58,34.93,34.23,34.68,438900
13-Jun-06,34.65,34.91,34.34,34.63,356500
12-Jun-06,35.23,35.26,34.74,34.80,327500
9-Jun-06,35.08,35.37,34.59,35.11,263500
8-Jun-06,35.76,35.90,34.94,35.10,737700
7-Jun-06,35.81,36.10,35.44,35.96,574000
6-Jun-06,35.48,35.84,35.07,35.78,368500
5-Jun-06,35.97,36.31,35.35,35.36,293800
2-Jun-06,35.84,36.01,35.56,35.96,315200
1-Jun-06,35.97,36.00,35.67,35.87,450600
31-May-06,35.10,36.00,35.10,35.91,706400
30-May-06,35.45,35.72,34.88,34.92,392600
26-May-06,36.00,36.00,35.38,35.59,432500
25-May-06,35.40,35.88,34.70,35.65,1086800
24-May-06,33.71,34.07,33.30,33.88,340400
23-May-06,34.10,34.12,33.66,33.66,363100
22-May-06,33.75,34.42,33.58,34.09,261700
19-May-06,33.21,34.31,33.18,33.98,592100
18-May-06,33.20,33.69,33.13,33.17,266400
17-May-06,33.61,33.77,33.22,33.26,267400
16-May-06,33.60,33.87,33.52,33.74,218200
15-May-06,33.29,33.88,33.16,33.78,204200
12-May-06,33.82,33.99,33.42,33.48,229700
11-May-06,33.41,33.92,33.35,33.82,284300
10-May-06,33.87,33.97,33.34,33.40,326100
9-May-06,33.88,34.10,33.80,33.80,355000
8-May-06,33.83,34.13,33.71,33.96,201200
5-May-06,33.45,33.89,33.35,33.83,287600
4-May-06,33.73,33.94,33.34,33.36,297300
3-May-06,33.90,34.11,33.67,33.69,215700
2-May-06,33.43,34.11,33.40,34.00,264400
1-May-06,33.56,33.86,33.38,33.45,233800
28-Apr-06,33.52,33.78,33.02,33.56,335700
27-Apr-06,33.84,34.01,33.22,33.71,501700
26-Apr-06,33.03,33.88,32.90,33.82,539200
25-Apr-06,33.26,33.30,32.96,32.99,280700
24-Apr-06,33.13,33.50,32.91,33.37,504300
21-Apr-06,33.45,33.60,33.00,33.13,674300
20-Apr-06,33.89,33.94,33.12,33.27,625800
19-Apr-06,33.83,34.01,33.70,34.01,261500
18-Apr-06,33.62,33.99,33.62,33.97,355000
17-Apr-06,33.48,33.65,33.34,33.51,257900
13-Apr-06,33.76,33.94,33.51,33.56,200800
12-Apr-06,33.82,33.95,33.65,33.77,332900
11-Apr-06,34.34,34.41,33.69,33.82,464500
10-Apr-06,34.10,34.28,33.71,34.27,405800
7-Apr-06,33.81,34.27,33.71,34.14,471500
6-Apr-06,34.25,34.31,33.59,33.74,253800
5-Apr-06,34.20,34.35,34.04,34.22,267300
4-Apr-06,34.30,34.71,34.04,34.21,507700
3-Apr-06,33.70,34.17,33.50,34.14,512500
31-Mar-06,33.71,33.93,33.54,33.80,403800
30-Mar-06,33.32,33.69,33.10,33.62,300200
29-Mar-06,33.09,33.68,33.09,33.33,348300
28-Mar-06,33.01,33.17,32.99,33.00,340300
27-Mar-06,33.40,33.40,32.96,33.02,277200
24-Mar-06,33.06,33.47,33.00,33.35,532800
23-Mar-06,31.88,33.30,31.88,33.02,593900
22-Mar-06,33.29,33.64,33.23,33.29,668100
21-Mar-06,32.99,33.27,32.85,33.27,387900
20-Mar-06,33.09,33.14,32.59,33.00,392800
17-Mar-06,33.20,33.30,32.89,33.18,441300
16-Mar-06,33.37,33.43,33.10,33.24,484600
15-Mar-06,33.62,33.63,33.05,33.30,518800
14-Mar-06,33.92,34.00,33.61,33.62,482300
13-Mar-06,34.00,34.39,34.00,34.00,346200
10-Mar-06,34.00,34.13,33.87,34.01,359500
9-Mar-06,33.77,34.15,33.76,33.91,211900
8-Mar-06,33.55,34.00,33.51,33.84,265200
7-Mar-06,33.70,33.93,33.68,33.78,201100
6-Mar-06,33.95,34.09,33.61,33.78,204700
3-Mar-06,33.99,34.25,33.96,34.04,241900
2-Mar-06,34.07,34.25,33.93,34.15,366400
1-Mar-06,34.55,34.75,34.16,34.20,375400
28-Feb-06,33.90,34.48,33.68,34.43,628300
27-Feb-06,35.25,36.17,33.69,34.00,1365700
24-Feb-06,34.61,34.80,34.43,34.46,520700
23-Feb-06,34.77,35.01,34.72,34.81,148300
22-Feb-06,34.80,34.96,34.64,34.71,224200
21-Feb-06,34.80,34.92,34.56,34.62,173400
17-Feb-06,34.75,34.91,34.60,34.87,119400
16-Feb-06,34.41,34.75,34.34,34.71,96700
15-Feb-06,34.34,34.36,33.86,34.27,217700
14-Feb-06,34.25,34.45,34.03,34.33,117500
13-Feb-06,34.10,34.54,34.00,34.34,138900
10-Feb-06,34.09,34.31,33.99,34.18,187600
9-Feb-06,34.11,34.49,34.11,34.21,236400
8-Feb-06,34.25,34.32,34.03,34.14,197900
7-Feb-06,34.27,34.65,34.06,34.15,153000
6-Feb-06,34.85,35.09,34.37,34.37,281000
3-Feb-06,34.45,35.00,34.42,34.75,341900
2-Feb-06,33.50,34.50,33.50,34.46,336700
1-Feb-06,33.62,34.12,33.56,33.61,286500
31-Jan-06,34.00,34.38,33.52,33.53,263300
30-Jan-06,33.88,33.98,33.41,33.96,443400
27-Jan-06,33.99,34.10,33.74,33.98,176800
26-Jan-06,33.55,33.98,33.51,33.89,224200
25-Jan-06,33.65,33.97,33.29,33.50,234600
24-Jan-06,34.03,34.24,33.78,33.81,218200
23-Jan-06,33.30,34.13,33.23,34.09,298400
20-Jan-06,33.57,33.73,33.26,33.36,143400
19-Jan-06,34.25,34.37,33.40,33.59,327000
18-Jan-06,33.22,34.08,33.22,34.01,352100
17-Jan-06,33.12,33.50,33.01,33.38,166800
13-Jan-06,33.37,33.48,33.23,33.37,189800
12-Jan-06,33.24,33.45,33.23,33.37,265100
11-Jan-06,33.38,33.49,33.15,33.24,92900
10-Jan-06,33.28,33.52,33.05,33.30,258300
9-Jan-06,33.49,33.60,33.26,33.38,297100
6-Jan-06,33.65,33.80,33.31,33.45,224600
5-Jan-06,33.47,33.87,33.28,33.54,330100
4-Jan-06,33.24,33.66,33.22,33.43,274200
3-Jan-06,32.80,33.20,32.80,33.05,487000
30-Dec-05,32.58,32.72,32.40,32.68,115700
29-Dec-05,32.70,32.94,32.64,32.83,96200
28-Dec-05,32.74,32.80,32.54,32.76,118200
27-Dec-05,32.86,33.17,32.52,32.64,241200
23-Dec-05,32.73,33.05,32.69,32.72,213400
22-Dec-05,32.60,32.72,32.36,32.56,171400
21-Dec-05,32.25,32.62,32.22,32.60,361700
20-Dec-05,32.10,32.40,32.01,32.25,187500
19-Dec-05,32.63,32.63,31.93,31.93,375400
16-Dec-05,32.34,32.67,32.34,32.54,296000
15-Dec-05,32.49,32.61,32.15,32.33,183900
14-Dec-05,32.58,32.60,32.30,32.42,205300
13-Dec-05,32.35,32.74,32.33,32.61,257600
12-Dec-05,32.32,32.54,32.19,32.31,181900
9-Dec-05,32.10,32.39,32.10,32.27,255200
8-Dec-05,32.45,32.53,32.08,32.17,133600
7-Dec-05,32.42,32.55,32.18,32.41,216900
6-Dec-05,32.84,32.88,31.73,32.29,400300
5-Dec-05,33.02,33.02,32.50,32.74,553700
2-Dec-05,33.18,33.35,32.90,32.98,305700
1-Dec-05,32.81,33.26,32.81,33.25,441700
30-Nov-05,32.75,32.95,32.64,32.80,386000
29-Nov-05,32.70,32.97,32.41,32.60,314300
28-Nov-05,32.54,32.66,32.23,32.55,467300
25-Nov-05,32.66,32.80,32.37,32.62,361300
23-Nov-05,35.02,35.03,32.01,32.74,1562600
22-Nov-05,35.21,35.44,34.84,35.02,299200
21-Nov-05,35.11,35.33,34.76,35.25,247900
18-Nov-05,35.00,35.06,34.34,35.06,204300
17-Nov-05,34.95,35.12,34.78,35.01,170400
16-Nov-05,34.99,34.99,34.45,34.85,161900
15-Nov-05,35.02,35.24,34.75,34.95,334000
14-Nov-05,35.00,35.21,34.82,35.09,264900
11-Nov-05,34.55,35.13,34.49,35.00,547000
10-Nov-05,34.06,34.68,34.02,34.59,538100
9-Nov-05,32.73,34.12,32.72,34.07,692700
8-Nov-05,32.30,32.89,32.11,32.64,511700
7-Nov-05,31.78,32.05,31.78,32.01,154800
4-Nov-05,32.21,32.39,31.63,31.70,150400
3-Nov-05,32.36,32.37,31.92,32.22,171600
2-Nov-05,31.97,32.37,31.93,32.30,178100
1-Nov-05,31.70,32.04,31.57,31.94,258400
31-Oct-05,31.52,31.95,31.46,31.80,208400
28-Oct-05,30.84,31.53,30.84,31.53,230000
27-Oct-05,31.10,31.14,30.63,30.71,254300
26-Oct-05,31.24,31.81,30.99,31.17,273000
25-Oct-05,32.00,32.00,30.90,31.24,413600
24-Oct-05,31.65,32.04,31.57,32.04,141200
21-Oct-05,31.29,31.68,31.29,31.53,126600
20-Oct-05,32.06,32.26,31.26,31.44,193800
19-Oct-05,31.99,32.19,31.61,32.14,163200
18-Oct-05,32.43,32.50,32.11,32.20,188500
17-Oct-05,32.33,32.48,32.07,32.43,224200
14-Oct-05,31.54,32.45,31.43,32.43,234900
13-Oct-05,31.54,31.70,31.27,31.44,251900
12-Oct-05,31.57,32.03,31.26,31.54,248500
11-Oct-05,31.79,31.89,31.45,31.63,195600
10-Oct-05,31.73,31.83,31.50,31.74,196300
7-Oct-05,31.84,31.87,31.50,31.75,264900
6-Oct-05,32.04,32.20,31.50,31.80,295200
5-Oct-05,32.80,32.82,31.95,32.00,230600
4-Oct-05,32.88,32.96,32.67,32.87,198600
3-Oct-05,32.99,33.00,32.68,32.83,213300